<?xml version="1.0" encoding="UTF-8"?>
<addon id="plugin.video.netflixbmc" name="NetfliXBMC" version="1.3.4" provider-name="Dem Guyz">
    <requires>
        <import addon="xbmc.python" version="2.1.0"/>
    </requires>
    <extension point="xbmc.python.pluginsource" library="default.py">
        <provides>video</provides>
    </extension>
    <extension point="xbmc.addon.metadata">
        <platform>windx osx linux</platform>
        <summary lang="en">NetfliXBMC - Unofficial Netflix Add-on (Win/OSX/Linux)</summary>
        <language></language>
        <description lang="en">NetfliXBMC - Unofficial Netflix Add-on (Win/OSX/Linux)</description>
        <license>GNU GENERAL PUBLIC LICENSE. Version 2, June 1991</license>
        <source>https://github.com/AddonScriptorDE/plugin.video.netflixbmc</source>
       <website>http://www.netflix.com</website>
    </extension>
</addon>
